<?xml version="1.0" encoding="UTF-8"?>
<project-private xmlns="http://www.netbeans.org/ns/project-private/1">
    <editor-bookmarks xmlns="http://www.netbeans.org/ns/editor-bookmarks/2" lastBookmarkId="0"/>
    <open-files xmlns="http://www.netbeans.org/ns/projectui-open-files/2">
        <group>
            <file>file:/C:/Users/ASUS/OneDrive/Desktop/HealthApp/HealthApp/src/healthapp/TestPanel.java</file>
            <file>file:/C:/Users/ASUS/OneDrive/Desktop/HealthApp/HealthApp/src/healthapp/TakeUserInformation.java</file>
            <file>file:/C:/Users/ASUS/OneDrive/Desktop/HealthApp/HealthApp/src/healthapp/PersonalInfo.java</file>
            <file>file:/C:/Users/ASUS/OneDrive/Desktop/HealthApp/HealthApp/src/healthapp/Journals.java</file>
            <file>file:/C:/Users/ASUS/OneDrive/Desktop/HealthApp/HealthApp/src/healthapp/Appointment.java</file>
            <file>file:/C:/Users/ASUS/OneDrive/Desktop/HealthApp/HealthApp/src/healthapp/UserInfo.java</file>
            <file>file:/C:/Users/ASUS/OneDrive/Desktop/HealthApp/HealthApp/src/healthapp/Tools.java</file>
            <file>file:/C:/Users/ASUS/OneDrive/Desktop/HealthApp/HealthApp/src/healthapp/NewJFrame1.java</file>
            <file>file:/C:/Users/ASUS/OneDrive/Desktop/HealthApp/HealthApp/src/healthapp/Test.java</file>
        </group>
    </open-files>
</project-private>
